amoshaviv;pontifier
ciccio86;TJkrusinski
ariutta;andrunix
AlmogBaku;jackhsu978
amoshaviv;ciccio86
ellman;TJkrusinski
udisun;pontifier
brownman;EyalFingold
EyalFingold;ciccio86
mathieuhinderyckx;Zopieux
ariutta;adrianedworthy
ad-m;jespino
brownman;spacemonkey
liorkesos;jackhsu978
AlmogBaku;spacemonkey
liorkesos;dizda
elmalto;baer
oritpersik;adrianedworthy
enkodellc;pontifier
liorkesos;baer
andresbailen93;palmargom
EyalFingold;indyplanets
chickenham;dizda
lirantal;spacemonkey
lirantal;baer
elmalto;shawn9273
lirantal;TJkrusinski
Billygaliano;alex10ronda
udisun;brownman
oritpersik;indyplanets
fyockm;chickenham
AlmogBaku;ciccio86
niwinz;thijstriemstra
lirantal;shawn9273
zohar;elmalto
EyalFingold;dizda
ellman;chickenham
fyockm;andrija-hers
EyalFingold;shawn9273
niwinz;Zopieux
udisun;dizda
pratik60;tetyanochka
dizda;shawn9273
liorkesos;lirantal
AlmogBaku;pontifier
liorkesos;ellman
lirantal;udisun
EyalFingold;adrianedworthy
elmalto;ciccio86
liorkesos;roieki
tetyanochka;elmalto
enkodellc;roieki
lirantal;jackhsu978
tetyanochka;baer
spacemonkey;shawn9273
dizda;andrunix
shawn9273;andrunix
amoshaviv;baer
udisun;tetyanochka
brownman;TJkrusinski
amoshaviv;oritpersik
jackhsu978;ciccio86
pratik60;TJkrusinski
mauricioabreu;thijstriemstra
fyockm;adrianedworthy
ariutta;shawn9273
brownman;baer
chickenham;spacemonkey
elmalto;ariutta
udisun;shawn9273
amoshaviv;ariutta
vlledo;skuark
EyalFingold;elmalto
udisun;pratik60
udisun;zohar
tetyanochka;zohar
pratik60;pontifier
menudoproblema;mattyen
klen;mauricioabreu
dizda;TJkrusinski
tetyanochka;TJkrusinski
amoshaviv;fyockm
liorkesos;elmalto
enkodellc;adrianedworthy
udisun;chickenham
Cgm00054;adp00012
bameda;andresviedma
enkodellc;andrunix
EyalFingold;andrija-hers
enkodellc;ariutta
jespino;mauricioabreu
RaulMoyaReyes;gabrifdez89
brownman;ciccio86
ellman;roieki
EyalFingold;TJkrusinski
oritpersik;pontifier
indyplanets;ariutta
lirantal;chickenham
jackhsu978;brownman
fyockm;spacemonkey
chickenham;baer
niwinz;bameda
ariutta;dizda
jackhsu978;indyplanets
fyockm;ariutta
bameda;yamila-moreno
elmalto;adrianedworthy
udisun;AlmogBaku
pontifier;shawn9273
spacemonkey;indyplanets
zohar;indyplanets
brownman;indyplanets
chickenham;ciccio86
chickenham;roieki
chickenham;indyplanets
lirantal;adrianedworthy
bameda;Zopieux
oritpersik;AlmogBaku
chickenham;jackhsu978
chickenham;brownman
davidfischer-ch;jespino
roieki;ariutta
udisun;oritpersik
ad-m;Zopieux
brownman;zohar
oritpersik;EyalFingold
indyplanets;dizda
pratik60;baer
fyockm;pratik60
amoshaviv;EyalFingold
kmpm;arumani
enkodellc;zohar
enkodellc;pratik60
adrianedworthy;shawn9273
spacemonkey;andrija-hers
oritpersik;chickenham
oritpersik;shawn9273
spacemonkey;andrunix
dizda;ciccio86
rma93;Billygaliano
oritpersik;jackhsu978
jackhsu978;dizda
jackhsu978;tetyanochka
enkodellc;shawn9273
amoshaviv;chickenham
baer;ciccio86
pratik60;ariutta
tetyanochka;ariutta
ellman;jackhsu978
fyockm;lirantal
EyalFingold;andrunix
amoshaviv;lirantal
roieki;ciccio86
chickenham;andrunix
yotommy;kmpm
liorkesos;pratik60
indyplanets;ciccio86
jespino;thijstriemstra
chickenham;ariutta
ariutta;TJkrusinski
udisun;jackhsu978
pratik60;chickenham
tetyanochka;andrija-hers
pontifier;TJkrusinski
AlmogBaku;adrianedworthy
pratik60;EyalFingold
oritpersik;andrija-hers
brownman;ariutta
enkodellc;spacemonkey
mauricioabreu;Zopieux
ellman;udisun
spacemonkey;ciccio86
udisun;adrianedworthy
jackhsu978;pontifier
ariutta;ciccio86
lirantal;pratik60
jackhsu978;TJkrusinski
ellman;indyplanets
liorkesos;tetyanochka
amoshaviv;adrianedworthy
amoshaviv;ellman
ellman;tetyanochka
lirantal;ariutta
udisun;baer
pontifier;dizda
andrunix;andrija-hers
oritpersik;spacemonkey
spacemonkey;baer
lirantal;EyalFingold
tetyanochka;spacemonkey
pratik60;andrija-hers
indyplanets;elmalto
zohar;ariutta
bameda;jespino
baer;andrunix
jackhsu978;adrianedworthy
baer;dizda
AlmogBaku;dizda
lirantal;AlmogBaku
tetyanochka;ciccio86
tetyanochka;dizda
amoshaviv;AlmogBaku
ariutta;andrija-hers
chickenham;andrija-hers
Moliholy;L4D15
lirantal;oritpersik
elmalto;andrija-hers
menudoproblema;yotommy
niwinz;ad-m
mathieuhinderyckx;jespino
adrianedworthy;andrija-hers
fyockm;brownman
lirantal;enkodellc
amoshaviv;zohar
mathieuhinderyckx;mauricioabreu
amoshaviv;spacemonkey
jespino;Zopieux
pratik60;spacemonkey
ellman;andrunix
davidfischer-ch;ad-m
ellman;shawn9273
enkodellc;andrija-hers
pontifier;elmalto
fyockm;baer
bameda;mathieuhinderyckx
yotommy;arumani
bameda;thijstriemstra
zohar;andrunix
spacemonkey;roieki
lirantal;andrija-hers
udisun;elmalto
zohar;TJkrusinski
elmalto;TJkrusinski
enkodellc;tetyanochka
liorkesos;pontifier
liorkesos;chickenham
ellman;elmalto
oritpersik;ariutta
ellman;AlmogBaku
ellman;oritpersik
jesusjaldo;alex10ronda
ellman;spacemonkey
brownman;tetyanochka
udisun;andrunix
jackhsu978;baer
alex10ronda;palmargom
lirantal;indyplanets
jackhsu978;elmalto
jackhsu978;andrunix
liorkesos;andrija-hers
niwinz;mauricioabreu
ariutta;baer
AlmogBaku;tetyanochka
zohar;adrianedworthy
oritpersik;ciccio86
brownman;roieki
jackhsu978;EyalFingold
pratik60;roieki
baer;andrija-hers
ad-m;klen
ellman;pratik60
EyalFingold;pontifier
AlmogBaku;roieki
lirantal;roieki
amoshaviv;indyplanets
roieki;baer
davidfischer-ch;mathieuhinderyckx
jackhsu978;zohar
AlmogBaku;zohar
baer;adrianedworthy
chickenham;pontifier
brownman;elmalto
indyplanets;roieki
klen;Zopieux
pontifier;ariutta
bameda;ad-m
lirantal;brownman
bameda;davidfischer-ch
roieki;elmalto
fyockm;AlmogBaku
spacemonkey;dizda
dizda;adrianedworthy
pontifier;andrunix
jackhsu978;spacemonkey
TJkrusinski;andrija-hers
AlmogBaku;ariutta
amoshaviv;brownman
pontifier;ciccio86
felmoltor;abbotto
zohar;shawn9273
zohar;baer
indyplanets;adrianedworthy
udisun;roieki
klen;mathieuhinderyckx
ciccio86;shawn9273
thijstriemstra;Zopieux
chickenham;tetyanochka
AlmogBaku;pratik60
AlmogBaku;andrunix
udisun;TJkrusinski
liorkesos;andrunix
lirantal;ciccio86
davidfischer-ch;mauricioabreu
pratik60;zohar
lirantal;andrunix
amoshaviv;jackhsu978
enkodellc;oritpersik
lirantal;pontifier
brownman;dizda
udisun;indyplanets
ellman;pontifier
roieki;dizda
AlmogBaku;TJkrusinski
liorkesos;indyplanets
liorkesos;oritpersik
ricardonavarrom;izquierdogalan
amoshaviv;andrija-hers
udisun;spacemonkey
ellman;EyalFingold
ad-m;mauricioabreu
tetyanochka;andrunix
enkodellc;indyplanets
adrianedworthy;TJkrusinski
jackhsu978;andrija-hers
liorkesos;enkodellc
fyockm;elmalto
jackhsu978;roieki
menudoproblema;arumani
enkodellc;EyalFingold
ciccio86;andrija-hers
brownman;pontifier
fyockm;ellman
gabrifdez89;RaulMoyaReyes
mathieuhinderyckx;thijstriemstra
AlmogBaku;chickenham
spacemonkey;pontifier
indyplanets;baer
liorkesos;ariutta
chickenham;zohar
enkodellc;brownman
javacasm;demiurgosoft
roieki;andrunix
TJkrusinski;shawn9273
brownman;andrunix
amoshaviv;elmalto
oritpersik;zohar
spacemonkey;zohar
shawn9273;andrija-hers
ellman;ciccio86
pratik60;dizda
fyockm;andrunix
enkodellc;chickenham
fyockm;EyalFingold
amoshaviv;pratik60
liorkesos;adrianedworthy
AlmogBaku;baer
fyockm;TJkrusinski
AlmogBaku;shawn9273
tetyanochka;pontifier
amoshaviv;tetyanochka
tetyanochka;roieki
ellman;enkodellc
klen;thijstriemstra
bameda;klen
indyplanets;pontifier
amoshaviv;roieki
enkodellc;AlmogBaku
oritpersik;andrunix
liorkesos;zohar
amoshaviv;TJkrusinski
niwinz;jespino
pratik60;brownman
udisun;EyalFingold
zohar;EyalFingold
AlmogBaku;EyalFingold
elmalto;dizda
pontifier;roieki
indyplanets;shawn9273
udisun;andrija-hers
ellman;brownman
baer;shawn9273
tetyanochka;shawn9273
alex10ronda;andresbailen93
pratik60;jackhsu978
tetyanochka;adrianedworthy
roieki;shawn9273
chickenham;EyalFingold
fyockm;jackhsu978
zohar;ciccio86
ad-m;mathieuhinderyckx
sanchezjr;manuelcapel
liorkesos;udisun
brownman;andrija-hers
roieki;adrianedworthy
fyockm;ciccio86
liorkesos;TJkrusinski
pratik60;shawn9273
AlmogBaku;andrija-hers
zohar;roieki
lirantal;dizda
spacemonkey;elmalto
oritpersik;baer
EyalFingold;roieki
Mecan0;JRodrigoTech
pratik60;elmalto
ciccio86;andrunix
pontifier;baer
enkodellc;TJkrusinski
spacemonkey;EyalFingold
menudoproblema;karlp
fyockm;indyplanets
EyalFingold;ariutta
enkodellc;baer
oritpersik;dizda
udisun;ciccio86
ellman;andrija-hers
enkodellc;ciccio86
felmoltor;invalid-email-address
nelbe;mjgr0013
brownman;adrianedworthy
bameda;mauricioabreu
indyplanets;andrija-hers
chickenham;TJkrusinski
tetyanochka;indyplanets
mjgr0013;nelbe
zohar;pontifier
baer;TJkrusinski
liorkesos;shawn9273
klen;jespino
amoshaviv;andrunix
fyockm;tetyanochka
ellman;lirantal
ellman;zohar
amoshaviv;udisun
liorkesos;EyalFingold
fyockm;oritpersik
roieki;TJkrusinski
fyockm;shawn9273
spacemonkey;ariutta
ellman;adrianedworthy
roieki;andrija-hers
chickenham;adrianedworthy
spacemonkey;TJkrusinski
amoshaviv;shawn9273
fyockm;udisun
jackhsu978;ariutta
davidfischer-ch;thijstriemstra
fyockm;zohar
jackhsu978;shawn9273
enkodellc;jackhsu978
oritpersik;pratik60
liorkesos;AlmogBaku
ad-m;thijstriemstra
indyplanets;andrunix
oritpersik;brownman
adrianedworthy;andrunix
spacemonkey;adrianedworthy
alvaromontoro;skuark
chickenham;elmalto
davidfischer-ch;klen
AlmogBaku;brownman
AlmogBaku;indyplanets
ellman;ariutta
chickenham;shawn9273
udisun;ariutta
liorkesos;ciccio86
amoshaviv;enkodellc
indyplanets;TJkrusinski
pratik60;andrunix
niwinz;davidfischer-ch
lirantal;zohar
dizda;andrija-hers
enkodellc;elmalto
brownman;shawn9273
fyockm;roieki
davidfischer-ch;Zopieux
niwinz;mathieuhinderyckx
liorkesos;brownman
jesusjaldo;palmargom
oritpersik;roieki
karlp;mattyen
zohar;dizda
enkodellc;udisun
menudoproblema;kmpm
TJkrusinski;andrunix
liorkesos;spacemonkey
enkodellc;dizda
EyalFingold;baer
fyockm;dizda
Billygaliano;palmargom
amoshaviv;dizda
liorkesos;amoshaviv
fyockm;enkodellc
pontifier;adrianedworthy
ciccio86;adrianedworthy
pratik60;indyplanets
oritpersik;elmalto
fyockm;pontifier
liorkesos;fyockm
oritpersik;TJkrusinski
oritpersik;tetyanochka
zohar;andrija-hers
pratik60;ciccio86
ellman;dizda
ellman;baer
lirantal;elmalto
tetyanochka;EyalFingold
AlmogBaku;elmalto
elmalto;andrunix
pratik60;adrianedworthy
lirantal;tetyanochka
pontifier;andrija-hers
niwinz;klen
andresbailen93;alex10ronda
andresbailen93;alex10ronda
alex10ronda;Billygaliano
alex10ronda;Billygaliano
JCristobal;iblancasa
JCristobal;iblancasa
fcharte;fdavidcl
fcharte;fdavidcl
Ciorraga;NonoDev
Ciorraga;NonoDev
alex10ronda;jesusjaldo
alex10ronda;jesusjaldo
Billygaliano;Fernando883
Billygaliano;Fernando883
andresbailen93;Billygaliano
andresbailen93;Billygaliano
andresbailen93;Billygaliano
andresbailen93;jesusjaldo
andresbailen93;jesusjaldo
andresbailen93;jesusjaldo
jesusjaldo;Billygaliano
jesusjaldo;Billygaliano
jesusjaldo;Billygaliano
